{"uid":"4b4757e66a1912dae1a509f688f20b0f","children":[{"name":"Test defects","children":[{"name":"Connection refused\nBuild info: version: '3.141.59', revision: 'e82be7d358', time: '2018-11-14T08:17:03'\nSystem info: host: 'dc-n56vz', ip: '127.0.1.1', os.name: 'Linux', os.arch: 'amd64', os.version: '5.4.212-1-MANJARO', java.version: '18.0.2'\nDriver info: driver.version: AndroidDriver","children":[{"name":"AboutScreenTest","uid":"af80dc430742d1c1","parentUid":"92d59d7f04ccce666ffabdd96bc9b7c5","status":"broken","time":{"start":1669438579695,"stop":1669438579696,"duration":1},"flaky":false,"newFailed":false,"newPassed":false,"newBroken":false,"retriesCount":1,"retriesStatusChange":false,"parameters":[],"tags":[]},{"name":"NavigationTest","uid":"995ceb40ad3727fd","parentUid":"92d59d7f04ccce666ffabdd96bc9b7c5","status":"broken","time":{"start":1669438579832,"stop":1669438579832,"duration":0},"flaky":false,"newFailed":false,"newPassed":false,"newBroken":false,"retriesCount":1,"retriesStatusChange":false,"parameters":[],"tags":[]},{"name":"TasksTest","uid":"f74af33646c6f8c0","parentUid":"92d59d7f04ccce666ffabdd96bc9b7c5","status":"broken","time":{"start":1669438579880,"stop":1669438579880,"duration":0},"flaky":false,"newFailed":false,"newPassed":false,"newBroken":false,"retriesCount":1,"retriesStatusChange":false,"parameters":[],"tags":[]},{"name":"ToolbarTest","uid":"503defab7d8e02c3","parentUid":"92d59d7f04ccce666ffabdd96bc9b7c5","status":"broken","time":{"start":1669438579900,"stop":1669438579900,"duration":0},"flaky":false,"newFailed":false,"newPassed":false,"newBroken":false,"retriesCount":1,"retriesStatusChange":false,"parameters":[],"tags":[]},{"name":"StartScreenTest","uid":"472d68f1ef3d16b3","parentUid":"92d59d7f04ccce666ffabdd96bc9b7c5","status":"broken","time":{"start":1669438702531,"stop":1669438702532,"duration":1},"flaky":false,"newFailed":false,"newPassed":false,"newBroken":false,"retriesCount":2,"retriesStatusChange":false,"parameters":[],"tags":[]}],"uid":"92d59d7f04ccce666ffabdd96bc9b7c5"}],"uid":"bdbf199525818fae7a8651db9eafe741"}],"name":"categories"}