{"uid":"98d3104e051c652961429bf95fa0b5d6","children":[{"name":"AboutScreenTest","children":[{"name":"AboutScreenTest","uid":"af80dc430742d1c1","parentUid":"915f12570ac33c9b5d78c21863f3377d","status":"broken","time":{"start":1669438579695,"stop":1669438579696,"duration":1},"flaky":false,"newFailed":false,"newPassed":false,"newBroken":false,"retriesCount":1,"retriesStatusChange":false,"parameters":[],"tags":[]},{"name":"aboutCompanyTest()","uid":"eca8a06d665531ac","parentUid":"915f12570ac33c9b5d78c21863f3377d","status":"passed","time":{"start":1669439707558,"stop":1669439707650,"duration":92},"flaky":false,"newFailed":false,"newPassed":false,"newBroken":false,"retriesCount":0,"retriesStatusChange":false,"parameters":[],"tags":[]},{"name":"privacyPoliticTest()","uid":"d13660df34f60c6d","parentUid":"915f12570ac33c9b5d78c21863f3377d","status":"passed","time":{"start":1669439707782,"stop":1669439710540,"duration":2758},"flaky":false,"newFailed":false,"newPassed":false,"newBroken":false,"retriesCount":0,"retriesStatusChange":false,"parameters":[],"tags":[]},{"name":"userAgreementTest()","uid":"12fc873d20f1863f","parentUid":"915f12570ac33c9b5d78c21863f3377d","status":"passed","time":{"start":1669439710547,"stop":1669439712868,"duration":2321},"flaky":false,"newFailed":false,"newPassed":false,"newBroken":false,"retriesCount":0,"retriesStatusChange":false,"parameters":[],"tags":[]},{"name":"versionTest()","uid":"ea94d972eb5af3eb","parentUid":"915f12570ac33c9b5d78c21863f3377d","status":"passed","time":{"start":1669439712877,"stop":1669439712993,"duration":116},"flaky":false,"newFailed":false,"newPassed":false,"newBroken":false,"retriesCount":0,"retriesStatusChange":false,"parameters":[],"tags":[]}],"uid":"915f12570ac33c9b5d78c21863f3377d"},{"name":"NavigationTest","children":[{"name":"NavigationTest","uid":"995ceb40ad3727fd","parentUid":"1be87a62664544abeb7635ed6ae69078","status":"broken","time":{"start":1669438579832,"stop":1669438579832,"duration":0},"flaky":false,"newFailed":false,"newPassed":false,"newBroken":false,"retriesCount":1,"retriesStatusChange":false,"parameters":[],"tags":[]},{"name":"moveToNewsTabTest()","uid":"5fc3de0bf94c25f6","parentUid":"1be87a62664544abeb7635ed6ae69078","status":"passed","time":{"start":1669439726537,"stop":1669439731386,"duration":4849},"flaky":false,"newFailed":false,"newPassed":false,"newBroken":false,"retriesCount":0,"retriesStatusChange":false,"parameters":[],"tags":[]},{"name":"moveToTasksTabTest()","uid":"f2b5e47760fbaacb","parentUid":"1be87a62664544abeb7635ed6ae69078","status":"passed","time":{"start":1669439731389,"stop":1669439734068,"duration":2679},"flaky":false,"newFailed":false,"newPassed":false,"newBroken":false,"retriesCount":0,"retriesStatusChange":false,"parameters":[],"tags":[]},{"name":"moveToMainTabTest()","uid":"92e97969d7b583bf","parentUid":"1be87a62664544abeb7635ed6ae69078","status":"passed","time":{"start":1669439734073,"stop":1669439735951,"duration":1878},"flaky":false,"newFailed":false,"newPassed":false,"newBroken":false,"retriesCount":0,"retriesStatusChange":false,"parameters":[],"tags":[]},{"name":"moveToAboutTabTest()","uid":"df08f8fdfc8b8c60","parentUid":"1be87a62664544abeb7635ed6ae69078","status":"passed","time":{"start":1669439735954,"stop":1669439739576,"duration":3622},"flaky":false,"newFailed":false,"newPassed":false,"newBroken":false,"retriesCount":0,"retriesStatusChange":false,"parameters":[],"tags":[]}],"uid":"1be87a62664544abeb7635ed6ae69078"},{"name":"TasksTest","children":[{"name":"TasksTest","uid":"f74af33646c6f8c0","parentUid":"35da81e66471370639d0011ae4362a1f","status":"broken","time":{"start":1669438579880,"stop":1669438579880,"duration":0},"flaky":false,"newFailed":false,"newPassed":false,"newBroken":false,"retriesCount":1,"retriesStatusChange":false,"parameters":[],"tags":[]},{"name":"emptyFiltrationTest()","uid":"2ab8c834c2e8dbef","parentUid":"35da81e66471370639d0011ae4362a1f","status":"passed","time":{"start":1669439776065,"stop":1669439778582,"duration":2517},"flaky":false,"newFailed":false,"newPassed":false,"newBroken":false,"retriesCount":2,"retriesStatusChange":false,"parameters":[],"tags":[]},{"name":"emptyTest()","uid":"2bb6864bd0f9bc92","parentUid":"35da81e66471370639d0011ae4362a1f","status":"passed","time":{"start":1669439778585,"stop":1669439780135,"duration":1550},"flaky":false,"newFailed":false,"newPassed":false,"newBroken":false,"retriesCount":2,"retriesStatusChange":false,"parameters":[],"tags":[]},{"name":"addTaskTest()","uid":"3ba186cfd0658b26","parentUid":"35da81e66471370639d0011ae4362a1f","status":"passed","time":{"start":1669439780141,"stop":1669439792301,"duration":12160},"flaky":false,"newFailed":false,"newPassed":false,"newBroken":false,"retriesCount":2,"retriesStatusChange":false,"parameters":[],"tags":[]},{"name":"openFiltrationTest()","uid":"cbd285ec63e84b45","parentUid":"35da81e66471370639d0011ae4362a1f","status":"passed","time":{"start":1669439792304,"stop":1669439794041,"duration":1737},"flaky":false,"newFailed":false,"newPassed":false,"newBroken":false,"retriesCount":1,"retriesStatusChange":false,"parameters":[],"tags":[]},{"name":"fullFiltrationTest()","uid":"b61dae73c9955f34","parentUid":"35da81e66471370639d0011ae4362a1f","status":"passed","time":{"start":1669439794044,"stop":1669439799444,"duration":5400},"flaky":false,"newFailed":false,"newPassed":false,"newBroken":false,"retriesCount":1,"retriesStatusChange":false,"parameters":[],"tags":[]},{"name":"moveToAddTaskTest()","uid":"ccb0925742f81069","parentUid":"35da81e66471370639d0011ae4362a1f","status":"passed","time":{"start":1669439799449,"stop":1669439801277,"duration":1828},"flaky":false,"newFailed":false,"newPassed":false,"newBroken":false,"retriesCount":1,"retriesStatusChange":false,"parameters":[],"tags":[]},{"name":"emptyTaskCreationTest()","uid":"ed3fee7c9d8c9d5","parentUid":"35da81e66471370639d0011ae4362a1f","status":"passed","time":{"start":1669439801280,"stop":1669439804668,"duration":3388},"flaky":false,"newFailed":false,"newPassed":false,"newBroken":false,"retriesCount":1,"retriesStatusChange":false,"parameters":[],"tags":[]}],"uid":"35da81e66471370639d0011ae4362a1f"},{"name":"ToolbarTest","children":[{"name":"ToolbarTest","uid":"503defab7d8e02c3","parentUid":"908b1874741577a5927e42926f162c95","status":"broken","time":{"start":1669438579900,"stop":1669438579900,"duration":0},"flaky":false,"newFailed":false,"newPassed":false,"newBroken":false,"retriesCount":1,"retriesStatusChange":false,"parameters":[],"tags":[]},{"name":"toolbarMissionTest()","uid":"e2498b16ab3d3ccb","parentUid":"908b1874741577a5927e42926f162c95","status":"passed","time":{"start":1669439817399,"stop":1669439819906,"duration":2507},"flaky":false,"newFailed":false,"newPassed":false,"newBroken":false,"retriesCount":0,"retriesStatusChange":false,"parameters":[],"tags":[]},{"name":"toolbarMenuTest()","uid":"192a93130486d8c","parentUid":"908b1874741577a5927e42926f162c95","status":"passed","time":{"start":1669439819911,"stop":1669439821958,"duration":2047},"flaky":false,"newFailed":false,"newPassed":false,"newBroken":false,"retriesCount":0,"retriesStatusChange":false,"parameters":[],"tags":[]},{"name":"toolbarTitleTest()","uid":"3090de6da88e2288","parentUid":"908b1874741577a5927e42926f162c95","status":"passed","time":{"start":1669439821961,"stop":1669439822698,"duration":737},"flaky":false,"newFailed":false,"newPassed":false,"newBroken":false,"retriesCount":0,"retriesStatusChange":false,"parameters":[],"tags":[]},{"name":"toolbarExitTest()","uid":"564e5d2470362e47","parentUid":"908b1874741577a5927e42926f162c95","status":"passed","time":{"start":1669439822701,"stop":1669439825007,"duration":2306},"flaky":false,"newFailed":false,"newPassed":false,"newBroken":false,"retriesCount":0,"retriesStatusChange":false,"parameters":[],"tags":[]}],"uid":"908b1874741577a5927e42926f162c95"},{"name":"StartScreenTest","children":[{"name":"StartScreenTest","uid":"472d68f1ef3d16b3","parentUid":"002ed307354f0e04b537f706105b3b81","status":"broken","time":{"start":1669438702531,"stop":1669438702532,"duration":1},"flaky":false,"newFailed":false,"newPassed":false,"newBroken":false,"retriesCount":2,"retriesStatusChange":false,"parameters":[],"tags":[]},{"name":"splashScreenTest()","uid":"d34bffe61ac7105e","parentUid":"002ed307354f0e04b537f706105b3b81","status":"passed","time":{"start":1669439747170,"stop":1669439748173,"duration":1003},"flaky":false,"newFailed":false,"newPassed":false,"newBroken":false,"retriesCount":0,"retriesStatusChange":false,"parameters":[],"tags":[]},{"name":"authWrongDataTest()","uid":"2da29e681290b6e5","parentUid":"002ed307354f0e04b537f706105b3b81","status":"passed","time":{"start":1669439748180,"stop":1669439753392,"duration":5212},"flaky":false,"newFailed":false,"newPassed":false,"newBroken":false,"retriesCount":0,"retriesStatusChange":false,"parameters":[],"tags":[]},{"name":"authTest()","uid":"bb534fff6efcc3c9","parentUid":"002ed307354f0e04b537f706105b3b81","status":"passed","time":{"start":1669439753399,"stop":1669439759469,"duration":6070},"flaky":false,"newFailed":false,"newPassed":false,"newBroken":false,"retriesCount":0,"retriesStatusChange":false,"parameters":[],"tags":[]}],"uid":"002ed307354f0e04b537f706105b3b81"}],"name":"suites"}