"Status","Start Time","Stop Time","Duration in ms","Parent Suite","Suite","Sub Suite","Test Class","Test Method","Name","Description"
"passed","Sat Nov 26 08:16:57 MSK 2022","Sat Nov 26 08:16:59 MSK 2022","2507","","ToolbarTest","","ToolbarTest","toolbarMissionTest","toolbarMissionTest()",""
"passed","Sat Nov 26 08:16:32 MSK 2022","Sat Nov 26 08:16:34 MSK 2022","1737","","TasksTest","","TasksTest","openFiltrationTest","openFiltrationTest()",""
"broken","Sat Nov 26 07:56:19 MSK 2022","Sat Nov 26 07:56:19 MSK 2022","0","","ToolbarTest","","ToolbarTest","","ToolbarTest",""
"broken","Sat Nov 26 07:56:19 MSK 2022","Sat Nov 26 07:56:19 MSK 2022","0","","TasksTest","","TasksTest","","TasksTest",""
"passed","Sat Nov 26 08:16:18 MSK 2022","Sat Nov 26 08:16:20 MSK 2022","1550","","TasksTest","","TasksTest","emptyTest","emptyTest()",""
"passed","Sat Nov 26 08:15:26 MSK 2022","Sat Nov 26 08:15:31 MSK 2022","4849","","NavigationTest","","NavigationTest","moveToNewsTabTest","moveToNewsTabTest()",""
"broken","Sat Nov 26 07:58:22 MSK 2022","Sat Nov 26 07:58:22 MSK 2022","1","","StartScreenTest","","StartScreenTest","","StartScreenTest",""
"passed","Sat Nov 26 08:15:53 MSK 2022","Sat Nov 26 08:15:59 MSK 2022","6070","","StartScreenTest","","StartScreenTest","authTest","authTest()",""
"passed","Sat Nov 26 08:16:20 MSK 2022","Sat Nov 26 08:16:32 MSK 2022","12160","","TasksTest","","TasksTest","addTaskTest","addTaskTest()",""
"passed","Sat Nov 26 08:16:39 MSK 2022","Sat Nov 26 08:16:41 MSK 2022","1828","","TasksTest","","TasksTest","moveToAddTaskTest","moveToAddTaskTest()",""
"passed","Sat Nov 26 08:15:07 MSK 2022","Sat Nov 26 08:15:07 MSK 2022","92","","AboutScreenTest","","AboutScreenTest","aboutCompanyTest","aboutCompanyTest()",""
"passed","Sat Nov 26 08:15:31 MSK 2022","Sat Nov 26 08:15:34 MSK 2022","2679","","NavigationTest","","NavigationTest","moveToTasksTabTest","moveToTasksTabTest()",""
"passed","Sat Nov 26 08:16:34 MSK 2022","Sat Nov 26 08:16:39 MSK 2022","5400","","TasksTest","","TasksTest","fullFiltrationTest","fullFiltrationTest()",""
"broken","Sat Nov 26 07:56:19 MSK 2022","Sat Nov 26 07:56:19 MSK 2022","1","","AboutScreenTest","","AboutScreenTest","","AboutScreenTest",""
"passed","Sat Nov 26 08:15:47 MSK 2022","Sat Nov 26 08:15:48 MSK 2022","1003","","StartScreenTest","","StartScreenTest","splashScreenTest","splashScreenTest()",""
"passed","Sat Nov 26 08:15:12 MSK 2022","Sat Nov 26 08:15:12 MSK 2022","116","","AboutScreenTest","","AboutScreenTest","versionTest","versionTest()",""
"passed","Sat Nov 26 08:15:34 MSK 2022","Sat Nov 26 08:15:35 MSK 2022","1878","","NavigationTest","","NavigationTest","moveToMainTabTest","moveToMainTabTest()",""
"passed","Sat Nov 26 08:17:02 MSK 2022","Sat Nov 26 08:17:05 MSK 2022","2306","","ToolbarTest","","ToolbarTest","toolbarExitTest","toolbarExitTest()",""
"passed","Sat Nov 26 08:17:01 MSK 2022","Sat Nov 26 08:17:02 MSK 2022","737","","ToolbarTest","","ToolbarTest","toolbarTitleTest","toolbarTitleTest()",""
"passed","Sat Nov 26 08:16:59 MSK 2022","Sat Nov 26 08:17:01 MSK 2022","2047","","ToolbarTest","","ToolbarTest","toolbarMenuTest","toolbarMenuTest()",""
"passed","Sat Nov 26 08:15:07 MSK 2022","Sat Nov 26 08:15:10 MSK 2022","2758","","AboutScreenTest","","AboutScreenTest","privacyPoliticTest","privacyPoliticTest()",""
"passed","Sat Nov 26 08:15:48 MSK 2022","Sat Nov 26 08:15:53 MSK 2022","5212","","StartScreenTest","","StartScreenTest","authWrongDataTest","authWrongDataTest()",""
"passed","Sat Nov 26 08:16:16 MSK 2022","Sat Nov 26 08:16:18 MSK 2022","2517","","TasksTest","","TasksTest","emptyFiltrationTest","emptyFiltrationTest()",""
"passed","Sat Nov 26 08:16:41 MSK 2022","Sat Nov 26 08:16:44 MSK 2022","3388","","TasksTest","","TasksTest","emptyTaskCreationTest","emptyTaskCreationTest()",""
"passed","Sat Nov 26 08:15:35 MSK 2022","Sat Nov 26 08:15:39 MSK 2022","3622","","NavigationTest","","NavigationTest","moveToAboutTabTest","moveToAboutTabTest()",""
"passed","Sat Nov 26 08:15:10 MSK 2022","Sat Nov 26 08:15:12 MSK 2022","2321","","AboutScreenTest","","AboutScreenTest","userAgreementTest","userAgreementTest()",""
"broken","Sat Nov 26 07:56:19 MSK 2022","Sat Nov 26 07:56:19 MSK 2022","0","","NavigationTest","","NavigationTest","","NavigationTest",""
