{"uid":"ab17fc5a4eb3bca4b216b548c7f9fcbc","children":[{"name":"dc-n56vz","children":[{"name":"85884@dc-n56vz.Test worker(1)","children":[{"name":"versionTest()","uid":"ea94d972eb5af3eb","parentUid":"ebc572fadb57ab1c83a92b1cfeddc50b","status":"passed","time":{"start":1669439712877,"stop":1669439712993,"duration":116},"flaky":false,"newFailed":false,"newPassed":false,"newBroken":false,"retriesCount":0,"retriesStatusChange":false,"parameters":[],"tags":[]},{"name":"toolbarMissionTest()","uid":"e2498b16ab3d3ccb","parentUid":"ebc572fadb57ab1c83a92b1cfeddc50b","status":"passed","time":{"start":1669439817399,"stop":1669439819906,"duration":2507},"flaky":false,"newFailed":false,"newPassed":false,"newBroken":false,"retriesCount":0,"retriesStatusChange":false,"parameters":[],"tags":[]},{"name":"userAgreementTest()","uid":"12fc873d20f1863f","parentUid":"ebc572fadb57ab1c83a92b1cfeddc50b","status":"passed","time":{"start":1669439710547,"stop":1669439712868,"duration":2321},"flaky":false,"newFailed":false,"newPassed":false,"newBroken":false,"retriesCount":0,"retriesStatusChange":false,"parameters":[],"tags":[]},{"name":"moveToAboutTabTest()","uid":"df08f8fdfc8b8c60","parentUid":"ebc572fadb57ab1c83a92b1cfeddc50b","status":"passed","time":{"start":1669439735954,"stop":1669439739576,"duration":3622},"flaky":false,"newFailed":false,"newPassed":false,"newBroken":false,"retriesCount":0,"retriesStatusChange":false,"parameters":[],"tags":[]},{"name":"addTaskTest()","uid":"3ba186cfd0658b26","parentUid":"ebc572fadb57ab1c83a92b1cfeddc50b","status":"passed","time":{"start":1669439780141,"stop":1669439792301,"duration":12160},"flaky":false,"newFailed":false,"newPassed":false,"newBroken":false,"retriesCount":2,"retriesStatusChange":false,"parameters":[],"tags":[]},{"name":"moveToTasksTabTest()","uid":"f2b5e47760fbaacb","parentUid":"ebc572fadb57ab1c83a92b1cfeddc50b","status":"passed","time":{"start":1669439731389,"stop":1669439734068,"duration":2679},"flaky":false,"newFailed":false,"newPassed":false,"newBroken":false,"retriesCount":0,"retriesStatusChange":false,"parameters":[],"tags":[]},{"name":"authWrongDataTest()","uid":"2da29e681290b6e5","parentUid":"ebc572fadb57ab1c83a92b1cfeddc50b","status":"passed","time":{"start":1669439748180,"stop":1669439753392,"duration":5212},"flaky":false,"newFailed":false,"newPassed":false,"newBroken":false,"retriesCount":0,"retriesStatusChange":false,"parameters":[],"tags":[]},{"name":"authTest()","uid":"bb534fff6efcc3c9","parentUid":"ebc572fadb57ab1c83a92b1cfeddc50b","status":"passed","time":{"start":1669439753399,"stop":1669439759469,"duration":6070},"flaky":false,"newFailed":false,"newPassed":false,"newBroken":false,"retriesCount":0,"retriesStatusChange":false,"parameters":[],"tags":[]},{"name":"emptyFiltrationTest()","uid":"2ab8c834c2e8dbef","parentUid":"ebc572fadb57ab1c83a92b1cfeddc50b","status":"passed","time":{"start":1669439776065,"stop":1669439778582,"duration":2517},"flaky":false,"newFailed":false,"newPassed":false,"newBroken":false,"retriesCount":2,"retriesStatusChange":false,"parameters":[],"tags":[]},{"name":"toolbarExitTest()","uid":"564e5d2470362e47","parentUid":"ebc572fadb57ab1c83a92b1cfeddc50b","status":"passed","time":{"start":1669439822701,"stop":1669439825007,"duration":2306},"flaky":false,"newFailed":false,"newPassed":false,"newBroken":false,"retriesCount":0,"retriesStatusChange":false,"parameters":[],"tags":[]},{"name":"toolbarTitleTest()","uid":"3090de6da88e2288","parentUid":"ebc572fadb57ab1c83a92b1cfeddc50b","status":"passed","time":{"start":1669439821961,"stop":1669439822698,"duration":737},"flaky":false,"newFailed":false,"newPassed":false,"newBroken":false,"retriesCount":0,"retriesStatusChange":false,"parameters":[],"tags":[]},{"name":"toolbarMenuTest()","uid":"192a93130486d8c","parentUid":"ebc572fadb57ab1c83a92b1cfeddc50b","status":"passed","time":{"start":1669439819911,"stop":1669439821958,"duration":2047},"flaky":false,"newFailed":false,"newPassed":false,"newBroken":false,"retriesCount":0,"retriesStatusChange":false,"parameters":[],"tags":[]},{"name":"privacyPoliticTest()","uid":"d13660df34f60c6d","parentUid":"ebc572fadb57ab1c83a92b1cfeddc50b","status":"passed","time":{"start":1669439707782,"stop":1669439710540,"duration":2758},"flaky":false,"newFailed":false,"newPassed":false,"newBroken":false,"retriesCount":0,"retriesStatusChange":false,"parameters":[],"tags":[]},{"name":"moveToMainTabTest()","uid":"92e97969d7b583bf","parentUid":"ebc572fadb57ab1c83a92b1cfeddc50b","status":"passed","time":{"start":1669439734073,"stop":1669439735951,"duration":1878},"flaky":false,"newFailed":false,"newPassed":false,"newBroken":false,"retriesCount":0,"retriesStatusChange":false,"parameters":[],"tags":[]},{"name":"emptyTaskCreationTest()","uid":"ed3fee7c9d8c9d5","parentUid":"ebc572fadb57ab1c83a92b1cfeddc50b","status":"passed","time":{"start":1669439801280,"stop":1669439804668,"duration":3388},"flaky":false,"newFailed":false,"newPassed":false,"newBroken":false,"retriesCount":1,"retriesStatusChange":false,"parameters":[],"tags":[]},{"name":"splashScreenTest()","uid":"d34bffe61ac7105e","parentUid":"ebc572fadb57ab1c83a92b1cfeddc50b","status":"passed","time":{"start":1669439747170,"stop":1669439748173,"duration":1003},"flaky":false,"newFailed":false,"newPassed":false,"newBroken":false,"retriesCount":0,"retriesStatusChange":false,"parameters":[],"tags":[]},{"name":"aboutCompanyTest()","uid":"eca8a06d665531ac","parentUid":"ebc572fadb57ab1c83a92b1cfeddc50b","status":"passed","time":{"start":1669439707558,"stop":1669439707650,"duration":92},"flaky":false,"newFailed":false,"newPassed":false,"newBroken":false,"retriesCount":0,"retriesStatusChange":false,"parameters":[],"tags":[]},{"name":"emptyTest()","uid":"2bb6864bd0f9bc92","parentUid":"ebc572fadb57ab1c83a92b1cfeddc50b","status":"passed","time":{"start":1669439778585,"stop":1669439780135,"duration":1550},"flaky":false,"newFailed":false,"newPassed":false,"newBroken":false,"retriesCount":2,"retriesStatusChange":false,"parameters":[],"tags":[]},{"name":"openFiltrationTest()","uid":"cbd285ec63e84b45","parentUid":"ebc572fadb57ab1c83a92b1cfeddc50b","status":"passed","time":{"start":1669439792304,"stop":1669439794041,"duration":1737},"flaky":false,"newFailed":false,"newPassed":false,"newBroken":false,"retriesCount":1,"retriesStatusChange":false,"parameters":[],"tags":[]},{"name":"moveToAddTaskTest()","uid":"ccb0925742f81069","parentUid":"ebc572fadb57ab1c83a92b1cfeddc50b","status":"passed","time":{"start":1669439799449,"stop":1669439801277,"duration":1828},"flaky":false,"newFailed":false,"newPassed":false,"newBroken":false,"retriesCount":1,"retriesStatusChange":false,"parameters":[],"tags":[]},{"name":"moveToNewsTabTest()","uid":"5fc3de0bf94c25f6","parentUid":"ebc572fadb57ab1c83a92b1cfeddc50b","status":"passed","time":{"start":1669439726537,"stop":1669439731386,"duration":4849},"flaky":false,"newFailed":false,"newPassed":false,"newBroken":false,"retriesCount":0,"retriesStatusChange":false,"parameters":[],"tags":[]},{"name":"fullFiltrationTest()","uid":"b61dae73c9955f34","parentUid":"ebc572fadb57ab1c83a92b1cfeddc50b","status":"passed","time":{"start":1669439794044,"stop":1669439799444,"duration":5400},"flaky":false,"newFailed":false,"newPassed":false,"newBroken":false,"retriesCount":1,"retriesStatusChange":false,"parameters":[],"tags":[]}],"uid":"ebc572fadb57ab1c83a92b1cfeddc50b"},{"name":"83492@dc-n56vz.Test worker(1)","children":[{"name":"TasksTest","uid":"4724ea37dbe9f720","parentUid":"5c1f3d6845e1562bd240a64892587ee7","status":"broken","time":{"start":1669438490405,"stop":1669438490405,"duration":0},"flaky":false,"newFailed":false,"newPassed":false,"newBroken":false,"retriesCount":0,"retriesStatusChange":false,"parameters":[],"tags":[]},{"name":"NavigationTest","uid":"6b146a4890c3ab67","parentUid":"5c1f3d6845e1562bd240a64892587ee7","status":"broken","time":{"start":1669438490337,"stop":1669438490337,"duration":0},"flaky":false,"newFailed":false,"newPassed":false,"newBroken":false,"retriesCount":0,"retriesStatusChange":false,"parameters":[],"tags":[]},{"name":"StartScreenTest","uid":"875a8ea483f74aa5","parentUid":"5c1f3d6845e1562bd240a64892587ee7","status":"broken","time":{"start":1669438490368,"stop":1669438490368,"duration":0},"flaky":false,"newFailed":false,"newPassed":false,"newBroken":false,"retriesCount":0,"retriesStatusChange":false,"parameters":[],"tags":[]},{"name":"AboutScreenTest","uid":"1422fa1e0a54aab1","parentUid":"5c1f3d6845e1562bd240a64892587ee7","status":"broken","time":{"start":1669438490203,"stop":1669438490204,"duration":1},"flaky":false,"newFailed":false,"newPassed":false,"newBroken":false,"retriesCount":0,"retriesStatusChange":false,"parameters":[],"tags":[]},{"name":"ToolbarTest","uid":"51f4b75925de73bf","parentUid":"5c1f3d6845e1562bd240a64892587ee7","status":"broken","time":{"start":1669438490427,"stop":1669438490427,"duration":0},"flaky":false,"newFailed":false,"newPassed":false,"newBroken":false,"retriesCount":0,"retriesStatusChange":false,"parameters":[],"tags":[]}],"uid":"5c1f3d6845e1562bd240a64892587ee7"},{"name":"83816@dc-n56vz.Test worker(1)","children":[{"name":"ToolbarTest","uid":"503defab7d8e02c3","parentUid":"2c83afcd225d01cce7df806d545873f2","status":"broken","time":{"start":1669438579900,"stop":1669438579900,"duration":0},"flaky":false,"newFailed":false,"newPassed":false,"newBroken":false,"retriesCount":1,"retriesStatusChange":false,"parameters":[],"tags":[]},{"name":"StartScreenTest","uid":"ca8e231038e83d2d","parentUid":"2c83afcd225d01cce7df806d545873f2","status":"broken","time":{"start":1669438579854,"stop":1669438579854,"duration":0},"flaky":false,"newFailed":false,"newPassed":false,"newBroken":false,"retriesCount":0,"retriesStatusChange":false,"parameters":[],"tags":[]},{"name":"AboutScreenTest","uid":"af80dc430742d1c1","parentUid":"2c83afcd225d01cce7df806d545873f2","status":"broken","time":{"start":1669438579695,"stop":1669438579696,"duration":1},"flaky":false,"newFailed":false,"newPassed":false,"newBroken":false,"retriesCount":1,"retriesStatusChange":false,"parameters":[],"tags":[]},{"name":"TasksTest","uid":"f74af33646c6f8c0","parentUid":"2c83afcd225d01cce7df806d545873f2","status":"broken","time":{"start":1669438579880,"stop":1669438579880,"duration":0},"flaky":false,"newFailed":false,"newPassed":false,"newBroken":false,"retriesCount":1,"retriesStatusChange":false,"parameters":[],"tags":[]},{"name":"NavigationTest","uid":"995ceb40ad3727fd","parentUid":"2c83afcd225d01cce7df806d545873f2","status":"broken","time":{"start":1669438579832,"stop":1669438579832,"duration":0},"flaky":false,"newFailed":false,"newPassed":false,"newBroken":false,"retriesCount":1,"retriesStatusChange":false,"parameters":[],"tags":[]}],"uid":"2c83afcd225d01cce7df806d545873f2"},{"name":"85346@dc-n56vz.Test worker(1)","children":[{"name":"emptyFiltrationTest()","uid":"a8bcb72899e69a95","parentUid":"7169909d1d609284d459393056c05f59","status":"passed","time":{"start":1669439494548,"stop":1669439497011,"duration":2463},"flaky":false,"newFailed":false,"newPassed":false,"newBroken":false,"retriesCount":0,"retriesStatusChange":false,"parameters":[],"tags":[]},{"name":"emptyTest()","uid":"2a40f3c2ae1465f3","parentUid":"7169909d1d609284d459393056c05f59","status":"passed","time":{"start":1669439497137,"stop":1669439498551,"duration":1414},"flaky":false,"newFailed":false,"newPassed":false,"newBroken":false,"retriesCount":0,"retriesStatusChange":false,"parameters":[],"tags":[]},{"name":"addTaskTest()","uid":"a78afff73a52bb79","parentUid":"7169909d1d609284d459393056c05f59","status":"passed","time":{"start":1669439498555,"stop":1669439510120,"duration":11565},"flaky":false,"newFailed":false,"newPassed":false,"newBroken":false,"retriesCount":0,"retriesStatusChange":false,"parameters":[],"tags":[]}],"uid":"7169909d1d609284d459393056c05f59"},{"name":"85149@dc-n56vz.Test worker(1)","children":[{"name":"emptyTest()","uid":"dcdde664a3f790b1","parentUid":"e7ebdbdde228835c255c73f6354bd079","status":"passed","time":{"start":1669439444815,"stop":1669439446201,"duration":1386},"flaky":false,"newFailed":false,"newPassed":false,"newBroken":false,"retriesCount":0,"retriesStatusChange":false,"parameters":[],"tags":[]},{"name":"emptyFiltrationTest()","uid":"d1d97286803ce730","parentUid":"e7ebdbdde228835c255c73f6354bd079","status":"passed","time":{"start":1669439442184,"stop":1669439444708,"duration":2524},"flaky":false,"newFailed":false,"newPassed":false,"newBroken":false,"retriesCount":0,"retriesStatusChange":false,"parameters":[],"tags":[]},{"name":"moveToAddTaskTest()","uid":"daa767c419820171","parentUid":"e7ebdbdde228835c255c73f6354bd079","status":"passed","time":{"start":1669439463290,"stop":1669439465128,"duration":1838},"flaky":false,"newFailed":false,"newPassed":false,"newBroken":false,"retriesCount":0,"retriesStatusChange":false,"parameters":[],"tags":[]},{"name":"addTaskTest()","uid":"a572c534f1c3adf1","parentUid":"e7ebdbdde228835c255c73f6354bd079","status":"passed","time":{"start":1669439446207,"stop":1669439456569,"duration":10362},"flaky":false,"newFailed":false,"newPassed":false,"newBroken":false,"retriesCount":0,"retriesStatusChange":false,"parameters":[],"tags":[]},{"name":"emptyTaskCreationTest()","uid":"d076597778729c85","parentUid":"e7ebdbdde228835c255c73f6354bd079","status":"passed","time":{"start":1669439465131,"stop":1669439468544,"duration":3413},"flaky":false,"newFailed":false,"newPassed":false,"newBroken":false,"retriesCount":0,"retriesStatusChange":false,"parameters":[],"tags":[]},{"name":"fullFiltrationTest()","uid":"c5b0a55ec1692d98","parentUid":"e7ebdbdde228835c255c73f6354bd079","status":"passed","time":{"start":1669439458302,"stop":1669439463286,"duration":4984},"flaky":false,"newFailed":false,"newPassed":false,"newBroken":false,"retriesCount":0,"retriesStatusChange":false,"parameters":[],"tags":[]},{"name":"openFiltrationTest()","uid":"dcfb1f77a534db81","parentUid":"e7ebdbdde228835c255c73f6354bd079","status":"passed","time":{"start":1669439456576,"stop":1669439458297,"duration":1721},"flaky":false,"newFailed":false,"newPassed":false,"newBroken":false,"retriesCount":0,"retriesStatusChange":false,"parameters":[],"tags":[]}],"uid":"e7ebdbdde228835c255c73f6354bd079"},{"name":"84231@dc-n56vz.Test worker(1)","children":[{"name":"StartScreenTest","uid":"472d68f1ef3d16b3","parentUid":"5e8ff01226a6839174eff0594d70c610","status":"broken","time":{"start":1669438702531,"stop":1669438702532,"duration":1},"flaky":false,"newFailed":false,"newPassed":false,"newBroken":false,"retriesCount":2,"retriesStatusChange":false,"parameters":[],"tags":[]}],"uid":"5e8ff01226a6839174eff0594d70c610"}],"uid":"639700ba6869bb17f1ca9d390e44271a"}],"name":"timeline"}