{"c14af1f6fc825090ab060ce38545ba1a":{"statistic":{"failed":0,"broken":1,"skipped":0,"passed":0,"unknown":0,"total":1},"items":[{"uid":"af80dc430742d1c1","status":"broken","statusDetails":"Connection refused\nBuild info: version: '3.141.59', revision: 'e82be7d358', time: '2018-11-14T08:17:03'\nSystem info: host: 'dc-n56vz', ip: '127.0.1.1', os.name: 'Linux', os.arch: 'amd64', os.version: '5.4.212-1-MANJARO', java.version: '18.0.2'\nDriver info: driver.version: AndroidDriver","time":{"start":1669438579695,"stop":1669438579696,"duration":1}}]},"480a37e5e66fea46fe7a085ecfb11551":{"statistic":{"failed":0,"broken":0,"skipped":0,"passed":1,"unknown":0,"total":1},"items":[{"uid":"eca8a06d665531ac","status":"passed","time":{"start":1669439707558,"stop":1669439707650,"duration":92}}]},"7846fc91b4855c7b1718e001c67293a4":{"statistic":{"failed":0,"broken":1,"skipped":0,"passed":0,"unknown":0,"total":1},"items":[{"uid":"472d68f1ef3d16b3","status":"broken","statusDetails":"Connection refused\nBuild info: version: '3.141.59', revision: 'e82be7d358', time: '2018-11-14T08:17:03'\nSystem info: host: 'dc-n56vz', ip: '127.0.1.1', os.name: 'Linux', os.arch: 'amd64', os.version: '5.4.212-1-MANJARO', java.version: '18.0.2'\nDriver info: driver.version: AndroidDriver","time":{"start":1669438702531,"stop":1669438702532,"duration":1}}]},"8d34b917d9f5548142df168488c8d80a":{"statistic":{"failed":0,"broken":0,"skipped":0,"passed":1,"unknown":0,"total":1},"items":[{"uid":"ccb0925742f81069","status":"passed","time":{"start":1669439799449,"stop":1669439801277,"duration":1828}}]},"28e4892c1133463c5deb954c452e0410":{"statistic":{"failed":0,"broken":0,"skipped":0,"passed":1,"unknown":0,"total":1},"items":[{"uid":"2bb6864bd0f9bc92","status":"passed","time":{"start":1669439778585,"stop":1669439780135,"duration":1550}}]},"9280bc89660f8b7eaf40613f417d894b":{"statistic":{"failed":0,"broken":1,"skipped":0,"passed":0,"unknown":0,"total":1},"items":[{"uid":"503defab7d8e02c3","status":"broken","statusDetails":"Connection refused\nBuild info: version: '3.141.59', revision: 'e82be7d358', time: '2018-11-14T08:17:03'\nSystem info: host: 'dc-n56vz', ip: '127.0.1.1', os.name: 'Linux', os.arch: 'amd64', os.version: '5.4.212-1-MANJARO', java.version: '18.0.2'\nDriver info: driver.version: AndroidDriver","time":{"start":1669438579900,"stop":1669438579900,"duration":0}}]},"4df96be8b80098bde8edfa8d6cb26680":{"statistic":{"failed":0,"broken":0,"skipped":0,"passed":1,"unknown":0,"total":1},"items":[{"uid":"3ba186cfd0658b26","status":"passed","time":{"start":1669439780141,"stop":1669439792301,"duration":12160}}]},"43836147ec3c3e6c21dff95b53123bcb":{"statistic":{"failed":0,"broken":0,"skipped":0,"passed":1,"unknown":0,"total":1},"items":[{"uid":"f2b5e47760fbaacb","status":"passed","time":{"start":1669439731389,"stop":1669439734068,"duration":2679}}]},"b1b80d0282edbcbfd4f937a0732c6956":{"statistic":{"failed":0,"broken":1,"skipped":0,"passed":0,"unknown":0,"total":1},"items":[{"uid":"995ceb40ad3727fd","status":"broken","statusDetails":"Connection refused\nBuild info: version: '3.141.59', revision: 'e82be7d358', time: '2018-11-14T08:17:03'\nSystem info: host: 'dc-n56vz', ip: '127.0.1.1', os.name: 'Linux', os.arch: 'amd64', os.version: '5.4.212-1-MANJARO', java.version: '18.0.2'\nDriver info: driver.version: AndroidDriver","time":{"start":1669438579832,"stop":1669438579832,"duration":0}}]},"d32a1048b3e0790e1253a7cbfc555362":{"statistic":{"failed":0,"broken":0,"skipped":0,"passed":1,"unknown":0,"total":1},"items":[{"uid":"12fc873d20f1863f","status":"passed","time":{"start":1669439710547,"stop":1669439712868,"duration":2321}}]},"4393aa307897c1fc6c465d38d538af04":{"statistic":{"failed":0,"broken":0,"skipped":0,"passed":1,"unknown":0,"total":1},"items":[{"uid":"564e5d2470362e47","status":"passed","time":{"start":1669439822701,"stop":1669439825007,"duration":2306}}]},"828a51799bbe68215007a7839b162c20":{"statistic":{"failed":0,"broken":0,"skipped":0,"passed":1,"unknown":0,"total":1},"items":[{"uid":"ea94d972eb5af3eb","status":"passed","time":{"start":1669439712877,"stop":1669439712993,"duration":116}}]},"f6c6ff4038ab31779653b4ccf992c12e":{"statistic":{"failed":0,"broken":0,"skipped":0,"passed":1,"unknown":0,"total":1},"items":[{"uid":"2ab8c834c2e8dbef","status":"passed","time":{"start":1669439776065,"stop":1669439778582,"duration":2517}}]},"ae803c1e7126175fc6bd3a16e70e6875":{"statistic":{"failed":0,"broken":0,"skipped":0,"passed":1,"unknown":0,"total":1},"items":[{"uid":"3090de6da88e2288","status":"passed","time":{"start":1669439821961,"stop":1669439822698,"duration":737}}]},"a080b42a39f5bcb78822d5fd86d317c1":{"statistic":{"failed":0,"broken":0,"skipped":0,"passed":1,"unknown":0,"total":1},"items":[{"uid":"b61dae73c9955f34","status":"passed","time":{"start":1669439794044,"stop":1669439799444,"duration":5400}}]},"35a47de6d36b03da85d52da9ddf4fab8":{"statistic":{"failed":0,"broken":0,"skipped":0,"passed":1,"unknown":0,"total":1},"items":[{"uid":"92e97969d7b583bf","status":"passed","time":{"start":1669439734073,"stop":1669439735951,"duration":1878}}]},"caa588a03469192a3388d042e4ae5cde":{"statistic":{"failed":0,"broken":0,"skipped":0,"passed":1,"unknown":0,"total":1},"items":[{"uid":"ed3fee7c9d8c9d5","status":"passed","time":{"start":1669439801280,"stop":1669439804668,"duration":3388}}]},"1fd9e63d5e12c08c95edf43bda4c7cee":{"statistic":{"failed":0,"broken":0,"skipped":0,"passed":1,"unknown":0,"total":1},"items":[{"uid":"d13660df34f60c6d","status":"passed","time":{"start":1669439707782,"stop":1669439710540,"duration":2758}}]},"9a0c13a8520b231d161fb5de0937c509":{"statistic":{"failed":0,"broken":0,"skipped":0,"passed":1,"unknown":0,"total":1},"items":[{"uid":"bb534fff6efcc3c9","status":"passed","time":{"start":1669439753399,"stop":1669439759469,"duration":6070}}]},"ffb0cd683e297b0588a7e2f74f6552e2":{"statistic":{"failed":0,"broken":0,"skipped":0,"passed":1,"unknown":0,"total":1},"items":[{"uid":"5fc3de0bf94c25f6","status":"passed","time":{"start":1669439726537,"stop":1669439731386,"duration":4849}}]},"59918d506a4818b904e413f68659a707":{"statistic":{"failed":0,"broken":0,"skipped":0,"passed":1,"unknown":0,"total":1},"items":[{"uid":"2da29e681290b6e5","status":"passed","time":{"start":1669439748180,"stop":1669439753392,"duration":5212}}]},"8a4e1946b6e551c4f5d50bc7637b74f1":{"statistic":{"failed":0,"broken":0,"skipped":0,"passed":1,"unknown":0,"total":1},"items":[{"uid":"d34bffe61ac7105e","status":"passed","time":{"start":1669439747170,"stop":1669439748173,"duration":1003}}]},"e9a69515106df0e4c06332196e728433":{"statistic":{"failed":0,"broken":0,"skipped":0,"passed":1,"unknown":0,"total":1},"items":[{"uid":"cbd285ec63e84b45","status":"passed","time":{"start":1669439792304,"stop":1669439794041,"duration":1737}}]},"d4c0230b4ed0f9447a303e54a7fb03c9":{"statistic":{"failed":0,"broken":1,"skipped":0,"passed":0,"unknown":0,"total":1},"items":[{"uid":"f74af33646c6f8c0","status":"broken","statusDetails":"Connection refused\nBuild info: version: '3.141.59', revision: 'e82be7d358', time: '2018-11-14T08:17:03'\nSystem info: host: 'dc-n56vz', ip: '127.0.1.1', os.name: 'Linux', os.arch: 'amd64', os.version: '5.4.212-1-MANJARO', java.version: '18.0.2'\nDriver info: driver.version: AndroidDriver","time":{"start":1669438579880,"stop":1669438579880,"duration":0}}]},"377f3d90b5aab24283951222077dc73b":{"statistic":{"failed":0,"broken":0,"skipped":0,"passed":1,"unknown":0,"total":1},"items":[{"uid":"df08f8fdfc8b8c60","status":"passed","time":{"start":1669439735954,"stop":1669439739576,"duration":3622}}]},"5905a406e483841501708c17fb69082c":{"statistic":{"failed":0,"broken":0,"skipped":0,"passed":1,"unknown":0,"total":1},"items":[{"uid":"192a93130486d8c","status":"passed","time":{"start":1669439819911,"stop":1669439821958,"duration":2047}}]},"2bc7c115578a5b9ea3fd1f73d0dce026":{"statistic":{"failed":0,"broken":0,"skipped":0,"passed":1,"unknown":0,"total":1},"items":[{"uid":"e2498b16ab3d3ccb","status":"passed","time":{"start":1669439817399,"stop":1669439819906,"duration":2507}}]}}