[{"uid":"995ceb40ad3727fd","name":"NavigationTest","time":{"start":1669438579832,"stop":1669438579832,"duration":0},"status":"broken","severity":"normal"},{"uid":"df08f8fdfc8b8c60","name":"moveToAboutTabTest()","time":{"start":1669439735954,"stop":1669439739576,"duration":3622},"status":"passed","severity":"normal"},{"uid":"eca8a06d665531ac","name":"aboutCompanyTest()","time":{"start":1669439707558,"stop":1669439707650,"duration":92},"status":"passed","severity":"normal"},{"uid":"f74af33646c6f8c0","name":"TasksTest","time":{"start":1669438579880,"stop":1669438579880,"duration":0},"status":"broken","severity":"normal"},{"uid":"ed3fee7c9d8c9d5","name":"emptyTaskCreationTest()","time":{"start":1669439801280,"stop":1669439804668,"duration":3388},"status":"passed","severity":"normal"},{"uid":"564e5d2470362e47","name":"toolbarExitTest()","time":{"start":1669439822701,"stop":1669439825007,"duration":2306},"status":"passed","severity":"normal"},{"uid":"2da29e681290b6e5","name":"authWrongDataTest()","time":{"start":1669439748180,"stop":1669439753392,"duration":5212},"status":"passed","severity":"normal"},{"uid":"12fc873d20f1863f","name":"userAgreementTest()","time":{"start":1669439710547,"stop":1669439712868,"duration":2321},"status":"passed","severity":"normal"},{"uid":"e2498b16ab3d3ccb","name":"toolbarMissionTest()","time":{"start":1669439817399,"stop":1669439819906,"duration":2507},"status":"passed","severity":"normal"},{"uid":"bb534fff6efcc3c9","name":"authTest()","time":{"start":1669439753399,"stop":1669439759469,"duration":6070},"status":"passed","severity":"normal"},{"uid":"cbd285ec63e84b45","name":"openFiltrationTest()","time":{"start":1669439792304,"stop":1669439794041,"duration":1737},"status":"passed","severity":"normal"},{"uid":"503defab7d8e02c3","name":"ToolbarTest","time":{"start":1669438579900,"stop":1669438579900,"duration":0},"status":"broken","severity":"normal"},{"uid":"5fc3de0bf94c25f6","name":"moveToNewsTabTest()","time":{"start":1669439726537,"stop":1669439731386,"duration":4849},"status":"passed","severity":"normal"},{"uid":"d34bffe61ac7105e","name":"splashScreenTest()","time":{"start":1669439747170,"stop":1669439748173,"duration":1003},"status":"passed","severity":"normal"},{"uid":"ccb0925742f81069","name":"moveToAddTaskTest()","time":{"start":1669439799449,"stop":1669439801277,"duration":1828},"status":"passed","severity":"normal"},{"uid":"f2b5e47760fbaacb","name":"moveToTasksTabTest()","time":{"start":1669439731389,"stop":1669439734068,"duration":2679},"status":"passed","severity":"normal"},{"uid":"2bb6864bd0f9bc92","name":"emptyTest()","time":{"start":1669439778585,"stop":1669439780135,"duration":1550},"status":"passed","severity":"normal"},{"uid":"3ba186cfd0658b26","name":"addTaskTest()","time":{"start":1669439780141,"stop":1669439792301,"duration":12160},"status":"passed","severity":"normal"},{"uid":"d13660df34f60c6d","name":"privacyPoliticTest()","time":{"start":1669439707782,"stop":1669439710540,"duration":2758},"status":"passed","severity":"normal"},{"uid":"3090de6da88e2288","name":"toolbarTitleTest()","time":{"start":1669439821961,"stop":1669439822698,"duration":737},"status":"passed","severity":"normal"},{"uid":"472d68f1ef3d16b3","name":"StartScreenTest","time":{"start":1669438702531,"stop":1669438702532,"duration":1},"status":"broken","severity":"normal"},{"uid":"2ab8c834c2e8dbef","name":"emptyFiltrationTest()","time":{"start":1669439776065,"stop":1669439778582,"duration":2517},"status":"passed","severity":"normal"},{"uid":"92e97969d7b583bf","name":"moveToMainTabTest()","time":{"start":1669439734073,"stop":1669439735951,"duration":1878},"status":"passed","severity":"normal"},{"uid":"192a93130486d8c","name":"toolbarMenuTest()","time":{"start":1669439819911,"stop":1669439821958,"duration":2047},"status":"passed","severity":"normal"},{"uid":"af80dc430742d1c1","name":"AboutScreenTest","time":{"start":1669438579695,"stop":1669438579696,"duration":1},"status":"broken","severity":"normal"},{"uid":"ea94d972eb5af3eb","name":"versionTest()","time":{"start":1669439712877,"stop":1669439712993,"duration":116},"status":"passed","severity":"normal"},{"uid":"b61dae73c9955f34","name":"fullFiltrationTest()","time":{"start":1669439794044,"stop":1669439799444,"duration":5400},"status":"passed","severity":"normal"}]