{"total":5,"items":[{"uid":"35da81e66471370639d0011ae4362a1f","name":"TasksTest","statistic":{"failed":0,"broken":1,"skipped":0,"passed":7,"unknown":0,"total":8}},{"uid":"915f12570ac33c9b5d78c21863f3377d","name":"AboutScreenTest","statistic":{"failed":0,"broken":1,"skipped":0,"passed":4,"unknown":0,"total":5}},{"uid":"1be87a62664544abeb7635ed6ae69078","name":"NavigationTest","statistic":{"failed":0,"broken":1,"skipped":0,"passed":4,"unknown":0,"total":5}},{"uid":"908b1874741577a5927e42926f162c95","name":"ToolbarTest","statistic":{"failed":0,"broken":1,"skipped":0,"passed":4,"unknown":0,"total":5}},{"uid":"002ed307354f0e04b537f706105b3b81","name":"StartScreenTest","statistic":{"failed":0,"broken":1,"skipped":0,"passed":3,"unknown":0,"total":4}}]}